{
  "model_name": "opt-6.7b",
  "dataset_name": "coqa",
  "penalty": "elasticnet",
  "C": 1.0,
  "l1_ratio": 0.5,
  "train_acc": 0.7337926714688381,
  "train_auc": 0.777902645763788,
  "test_acc": 0.7294927989981215,
  "test_auc": 0.7504836720809592,
  "num_features": 33,
  "num_train": 6386,
  "num_test": 1597,
  "test_data_file": "output/opt-6.7b_coqa_softmaxlayer_merged/0_test_data.pkl"
}